,,Travel Overall Cost:,"$26,400.69","€23,315.30",Both Tabs:,#REF!,#REF!,,Spain Overall Cost:,#REF!,#REF!,,,,,,,,,
,,,,,,,,,,,,,,Year,Total $ Spent Trips,Total euros Spent,,Year,Total $ Spent Spain,Total euros Spent
,Greece - 28 May - 31 May 2027,,,,,,,,,,,,,2027,"$3,840.13","€3,399.90",,,,
Date,Location/Descr,Mode,Paid,Total Cash,Total Euros,Add'l Info,Start Time,End Time,Duration,Dist,Stops,Remarks,,2026,"$12,504.24","€10,871.30",,2026,#REF!,#REF!
28-May-2027,,Adult,Paid,$0.00,€0.00,STR to Lisbon (Eurowings),Adult,Paid,$0.00,€159.99,,,,2025,"$8,830.67","€7,774.00",,2025,#REF!,#REF!
Thurs,,Adult,Paid,$0.00,€0.00,1035 - 1235,Adult,Paid,$184.00,€159.99,,,,2024,"$5,065.78","€4,670.00",,2024,#REF!,#REF!
,,Adult,Paid,$0.00,€0.00,,Adult,Paid,$184.00,€159.99,,,,2023,,,,2023,#REF!,#REF!
,,Children,Paid,$0.00,€0.00,,Children,Paid,$184.00,€159.99,,,,Total:,"$26,400.69","€23,315.30",,Total:,#REF!,#REF!
,,Children,Paid,$0.00,€0.00,,Children,Paid,$184.00,€159.99,,,,,,,,,,
,,,Total:,$0.00,€0.00,,,Total:,$736.00,€799.95,,,,,,,,,,
28-May-2027,Bus ride to hotel,,,,,,,,,,,,,,,,,,,
Thurs,IHG - Príncipe Real,Hotel,,,,,,,,,,,,,,,,,,
,IHG - Príncipe Real,Hotel,,,,,,,,,,,,,,,,,,
,Restaurant,,,$140.00,€130.00,,,,,,,,,,,,,,,
,Entertainment,,,$60.00,€45.00,,,,,,,,,,,,,,,
,,,,,,,,,,,,,,,,,,,,
29-May-2027,,Ferry,,,,,,,,,,,,,,,,,,
,,Hotel,,,,,,,,,,,,,,,,,,
,Restaurant,,,$140.00,€130.00,,,,,,,,,,,,,,,
,Entertainment,,,$60.00,€45.00,,,,,,,,,,,,,,,
,,,,,,,,,,,,,,,,,,,,
30-May-2027,,Hotel,,,,,,,,,,,,,,,,,,
Sat,Restaurant,,,$140.00,€130.00,,,,,,,,,,,,,,,
,Entertainment,,,$60.00,€45.00,,,,,,,,,,,,,,,
,,,,,,,,,,,,,,,,,,,,
31-May-2027,,Hotel,,,,,,,,,,,,,,,,,,
,Restaurant,,,$140.00,€130.00,,,,,,,,,,,,,,,
,Entertainment,,,$60.00,€45.00,,,,,,,,,,,,,,,
,,,,,,,,,,,,,,,,,,,,
31-May-2027,,Hotel,,,,,,,,,,,,,,,,,,
Mon,,,,,,,,,,,,,,,,,,,,
,,,,,,,,,,,,,,,,,,,,
,Restaurant,,,$140.00,€130.00,,,,,,,,,,,,,,,
,Entertainment,,,$60.00,€45.00,,,,,,,,,,,,,,,
,,,,,,,,,,,,,,,,,,,,
2-Apr-2027,Public Transportation,,,,,,,,,,,,,,,,,,,
Fri,,,,,,,,,,,,,,,,,,,,
,Restaurant,,,$140.00,€130.00,,,,,,,,,,,,,,,
,,,,,,,,,,,,,,,,,,,,
,,,Total:,"$1,390.00","€1,179.95",,,,,,,,,,,,,,,
2-Apr-2027,Porto to STR (Eurowings),Adult,Paid,$330.00,€279.99,,,,,,,,,,,,,,,
Fri,0915 - 1250,Adult,Paid,$265.00,€224.99,,,,,,,,,,,,,,,
,,Adult,Paid,$265.00,€224.99,,,,,,,,,,,,,,,
,,Children,Paid,$265.00,€224.99,,,,,,,,,,,,,,,
,,Children,Paid,$265.00,€224.99,,,,,,,,,,,,,,,
,,,,,,,,,,,,,,,,,,,,
,,,Total Cost:,"$2,530.00","€2,184.95",,,,"$1,472.00","€1,599.90",miles,,,,,,,,,
,,,Flight Cost:,"$1,390.00","€1,179.95",,,,,,,,,,,,,,,
,,,Hotel Cost:,$0.00,€0.00,,,,,,,,,,,,,,,
,,,Resturants Cost:,$840.00,€650.00,,,,,,,,,,,,,,,
,,,Entertainment/Cash,$300.00,€225.00,,,,,,,,,,,,,,,
,,,,,,,,,,,,,,,,,,,,
,,,,,,,,,,,,,,,,,,,,
,Portugal - 29 Mar - 2 Apr 2027,,,,,,,,,,,,,,,,,,,
Date,Location/Descr,Mode,Paid,Total Cash,Total Euros,Add'l Info,Start Time,End Time,Duration,Dist,Stops,Remarks,,,,,,,,
28-Mar-2027,STR to Lisbon (Eurowings),Adult,Pending,$162.00,€139.99,STR to Lisbon (Eurowings),Adult,,$184.00,€159.99,,,,,,,,,,
Sun,0625 - 0825 / 28-Mar-27,Adult,,$162.00,€139.99,1035 - 1235,Adult,,$184.00,€159.99,,,,,,,,,,
,3 hr flight (non-stop),Adult,,$162.00,€139.99,,Adult,,$184.00,€159.99,,,,,,,,,,
,,Children,,$162.00,€139.99,,Children,,$184.00,€159.99,,,,,,,,,,
,,Children,,$162.00,€139.99,,Children,,$184.00,€159.99,,,,,,,,,,
,,,Total:,$810.00,€699.95,,,Total:,$920.00,€799.95,,,,,,,,,,
28-Mar-2027,Bus ride to hotel,,,,,,,,,,,Pay at hotel with Sapphire / email sent to keep rooms together,,,,,,,,
Sun,IHG - Príncipe Real,Hotel,Schedule,$417.00,€365.00,3 x pax,,,,,,"Vic #28480160 (28 - 31 Mar) - Refund by Mar 21, 2027",,,,,,,,
,IHG - Príncipe Real,Hotel,Schedule,Points,,2 x pax / send an email,,,,,,Jo #86707641 (28 Mar) / Vic (29 Mar) #47281941 - (31 Mar) #27998760,,,,,,,,
,Restaurant,,,$140.00,€130.00,Breakfast / gym,,,,,,Fully refundable before Mar 26 2027,,,,,,,,
,Entertainment,,,$60.00,€45.00,,,,,,,,,,,,,,,
,,,,,,,,,,,,,,,,,,,,
29-Mar-2027,,Ferry,,,,,,,,,,,,,,,,,,
,IHG - Príncipe Real,Hotel,,,,,,,,,,,,,,,,,,
,Restaurant,,,$140.00,€130.00,,,,,,,,,,,,,,,
,Entertainment,,,$60.00,€45.00,,,,,,,,,,,,,,,
,,,,,,,,,,,,,,,,,,,,
30-Mar-2027,IHG - Príncipe Real,Hotel,,,,,,,,,,,,,,,,,,
Tue,Restaurant,,,$140.00,€130.00,,,,,,,,,,,,,,,
,Entertainment,,,$60.00,€45.00,,,,,,,,,,,,,,,
,,,,,,,,,,,,,,,,,,,,
31-Mar-2027,bnapartments Trindade,Hotel,Paid,$173.13,€205.00,5 x pax Porto,,,,,,Cancellation until Mar 28 on Expedia,,,,,,,,
,Restaurant,,,$140.00,€130.00,,,,,,,,,,,,,,,
,Entertainment,,,$60.00,€45.00,,,,,,,,,,,,,,,
,,,,,,,,,,,,,,,,,,,,
1-Apr-2027,bnapartments Trindade,Hotel,,,,,,,,,,,,,,,,,,
,,,,,,,,,,,,,,,,,,,,
,,,,,,,,,,,,,,,,,,,,
,Restaurant,,,$140.00,€130.00,,,,,,,,,,,,,,,
,Entertainment,,,$60.00,€45.00,,,,,,,,,,,,,,,
,,,,,,,,,,,,,,,,,,,,
2-Apr-2027,Public Transportation,,,,,,,,,,,,,,,,,,,
Fri,,,,,,,,,,,,,,,,,,,,
,Restaurant,,,$140.00,€130.00,,,,,,,,,,,,,,,
,,,,,,,,,,,,,,,,,,,,
,,,Total:,"$1,300.00","€1,124.95",,,,,,,,,,,,,,,
2-Apr-2027,Porto to STR (Eurowings),Adult,Pending,$260.00,€224.99,,,,,,,,,,,,,,,
Fri,0915 - 1250,Adult,,$260.00,€224.99,,,,,,,,,,,,,,,
,,Adult,,$260.00,€224.99,,,,,,,,,,,,,,,
,,Children,,$260.00,€224.99,,,,,,,,,,,,,,,
,,Children,,$260.00,€224.99,,,,,,,,,,,,,,,
,,,,,,,,,,,,,,,,,,,,
,,,Total Cost:,"$3,840.13","€3,399.90",,,,"$1,840.00","€1,599.90",miles,,,,,,,,,
,,,Flight Cost:,"$2,110.00","€1,824.90",,,,,,,,,,,,,,,
,,,Hotel Cost:,$590.13,€570.00,,,,,,,,,,,,,,,
,,,Resturants Cost:,$840.00,€650.00,,,,,,,,,,,,,,,
,,,Entertainment/Cash,$300.00,€225.00,,,,,,,,,,,,,,,
,,,,,,,,,,,,,,,,,,,,
,Colmar - 26 - 27 Nov 2026,,,,,,,,,,,,,,,,,,,
Date,Location/Descr,Mode,Paid,Total Cash,Total Euros,Add'l Info,Start Time,End Time,Duration,Dist,Stops,Remarks,,,,,,,,
26-Nov-2026,Drive to Colmar,,,$55.00,€48.00,,,,,,,,,,,,,,,
Fri,Hotel Babylon Royal,Hotel,Schedule,$231.00,€199.00,5 x pax / Breakfast,,,1.7,101,,Cancel by 11 Nov 26 booking.com,,,,,,,,
,Restaurant,,,$115.00,€100.00,,,,1,29,,Pay at property,,,,,,,,
,Entertainment,,,$100.00,€85.00,,,,1,29,,,,,,,,,,
,,,,,,,,,,,,,,,,,,,,
27-Nov-2026,Return home,,,,,,,,,,,,,,,,,,,
,Restaurant,,,$100.00,€85.00,,,,2.7,130,,,,,,,,,,
,Entertainment,,,$60.00,€40.00,,,,,,,,,,,,,,,
,,,,,,,,,,,,,,,,,,,,
28-Nov-2026,Extra row in case to add,,,,,,,,,,,,,,,,,,,
,another hotel,,,,,,,,,,,,,,,,,,,
,,,,,,,,,,,,,,,,,,,,
,,,,,,,,,,,,,,,,,,,,
,,,,,,,,,,,,,,,,,,,,
,,,Total Cost:,$661.00,€557.00,,,,6.4,289,miles,,,,,,,,,
,,,Hotel Cost:,$231.00,€199.00,,,,,,,,,,,,,,,
,,,Resturants Cost:,$215.00,€185.00,,,,,,,,,,,,,,,
,,,Entertainment/Cash,$160.00,€125.00,,,,,,,,,,,,,,,
,,,,,,,,,,,,,,,,,,,,
,Munich/Dachau - 4 - 5 Sep 2026,,,,,,,,,,,,,,,,,,,
Date,Location/Descr,Mode,Paid,Total Cash,Total Euros,Add'l Info,Start Time,End Time,Duration,Dist,Stops,Remarks,,,,,,,,
4-Sep-2026,Drive to Dachau,Fuel,,$65.00,€55.00,,,,2,132,,,,,,,,,,
Fri,Hilton Munich City West,Hotel,Schedule,,,2 x pax / 3 x pax  / Bfast,$265.00,€228.00,0.5,12,,Cancel by 30 Aug 26,,,,,,,,
,Restaurant,,,$140.00,€115.00,,,,,,,,,,,,,,,
,Entertainment,,,$100.00,€85.00,,,,,,,,,,,,,,,
,Parking at hotel,Parking,,$29.00,€25.00,,,,,,,,,,,,,,,
,,,,,,,,,,,,,,,,,,,,
5-Sep-2026,Donabad Pool,,,,,,,,1.5,84,,,,,,,,,,
,Restaurant,,,$140.00,€115.00,,,,1.1,60,,,,,,,,,,
,Entertainment,,,$100.00,€80.00,,,,,,,,,,,,,,,
,,,,,,,,,,,,,,,,,,,,
,,,,,,,,,,,,,,,,,,,,
,,,,,,,,,,,,,,,,,,,,
,,,,,,,,,,,,,,,,,,,,
,,,,,,,,,,,,,,,,,,,,
,,,Total Cost:,$574.00,€475.00,,,,5.1,288,miles,,,,,,,,,
,,,Hotel Cost:,$0.00,€0.00,,,,,,,,,,,,,,,
,,,Resturants Cost:,$280.00,€230.00,,,,,,,,,,,,,,,
,,,Entertainment/Cash,$200.00,€165.00,,,,,,,,,,,,,,,
,,,,,,,,,,,,,,,,,,,,
,"Oberstdorf, GM 10 Aug 26 -- 14 Aug 2026",,,,,,,,,,,,,,,,,,,
Date,Location/Descr,Mode,Paid,Total Cash,Total Euros,Add'l Info,Start Time,End Time,Duration,Dist,Stops,Remarks,,,,,,,,
10-Aug-2026,Fuel,,,$65.00,€55.00,,,,,,,,,,,,,,,
Mon,Apartment (Oberstdorf),Hotel,Paid,,,4 x pax,$622.55,€546.00,,,,Cancel by 27 Jul 26 on Expedia,,,,,,,,
,Restaurant,,,$100.00,€90.00,,,,,,,Payment on 27 Jul on Expedia (Sapphire),,,,,,,,
,Entertainment,,,$125.00,€118.00,,,,,,,,,,,,,,,
,,,,,,,,,,,,,,,,,,,,
11-Aug-2026,,,,,,,,,,,,,,,,,,,,
,Apartment (Oberstdorf),Hotel,,,,,,,,,,,,,,,,,,
,Restaurant,,,$140.00,€110.00,,,,,,,Nebelhorn Cable:,,,,,,,,
,Entertainment,,,$168.00,€155.00,,,,,,,"Within a family, only the first child (born between 2008 and 2019, accompanied by a paying parent) pays. All other children in the family travel free this summer!",,,,,,,,
,,,,,,,,,,,,,,,,,,,,
12-Aug-2026,me and all Hyatt (Ulm),Hotel,,,,,,,,,,Cancelled on 3 Aug,,,,,,,,
Wed,Restaurant,,,,,,,,,,,,,,,,,,,
,Neuschwanstein,,Paid,,,,$65.00,€54.50,,,,Tour starts at 1050,,,,,,,,
,Entertainment,,,$100.00,€80.00,,,,,,,,,,,,,,,
,,,,,,,,,,,,,,,,,,,,
13-Aug-2026,Hotel Parking,Parking,,,,,,,,,,,,,,,,,,
,,,,,,,,,,,,,,,,,,,,
,Restaurant,,,,,,,,,,,,,,,,,,,
,Donabad Pool,,,,,,,,,,,,,,,,,,,
,,,,,,,,,,,,,,,,,,,,
,,,Total Cost:,$698.00,€608.00,,,,0,0,miles,,,,,,,,,
,,,Hotel Cost:,$0.00,€0.00,,,,,,,,,,,,,,,
,,,Resturants Cost:,$240.00,€200.00,,,,,,,,,,,,,,,
,,,Entertainment/Cash,$393.00,€353.00,,,,,,,,,,,,,,,
,,,,,,,,,,,,,,,,,,,,
,Dornbirn - 23 Jul -- 24 Jul 2026,,,,,,,,,,,,,,,,,,,
Date,Location/Descr,Mode,Paid,Total Cash,Total Euros,Add'l Info,Start Time,End Time,Duration,Dist,Stops,Remarks,,,,,,,,
23-Jul-2026,,Fuel,,$65.00,€55.00,,,,2.5,145,,,,,,,,,,
Thurs,Four Points by Sheraton,Hotel,Paid,$261.00,€229.00,2 x pax / 3 x pax,,,,,,Cancel by 21 July w/ points,,,,,,,,
,Hotel breakfast,,,$67.38,€59.00,,,,,,,,,,,,,,,
,Restaurant,,,$180.00,€150.00,gym / breakfast,,,,,,Non refundable with the 3 x pax room,,,,,,,,
,Entertainment,,,$100.00,€85.00,17 euros Leo / 12.5 Hannah / free,,,,,,,,,,,,,,
,,,,,,,,,,,,Mr. Erler wrote the notes for the 2nd room at 50% off,,,,,,,,
24-Jul-2026,Four Points by Sheraton,Hotel,,,,,,,,,,,,,,,,,,
,Restaurant,,,$180.00,€150.00,,,,,,,,,,,,,,,
,Santis gandola lift,,,$150.00,€135.00,,,,1.3,41,,,,,,,,,,
,Entertainment,,,$100.00,€85.00,,,,1.3,41,,,,,,,,,,
,,,,,,,,,,,,,,,,,,,,
25-Jul-2026,Return home,,,,,,,,2.5,145,,,,,,,,,,
,Hotel Parking,,,$36.00,€30.00,,,,,,,,,,,,,,,
,Restaurant,,,$140.00,€110.00,,,,,,,,,,,,,,,
,Entertainment,,,,,,,,,,,,,,,,,,,
,,,,,,,,,,,,,,,,,,,,
,,,,,,,,,,,,,,,,,,,,
,,,Total Cost:,"$1,279.38","€1,088.00",,,,7.6,372,miles,,,,,,,,,
,,,Hotel Cost:,$297.00,€259.00,,,,,,,,,,,,,,,
,,,Resturants Cost:,$500.00,€410.00,,,,,,,,,,,,,,,
,,,Entertainment/Cash,$350.00,€305.00,,,,,,,,,,,,,,,
,,,,,,,,,,,,,,,,,,,,
,Berlin- 5 Jul -- 9 Jul 2026,,,,,,,,,,,,,,,,,,,
Date,Location/Descr,Mode,Paid,Total Cash,Total Euros,Add'l Info,Start Time,End Time,Duration,Dist,Stops,Remarks,,,,,,,,
5-Jul-2026,Train to Berlin Hbf,Train,Paid,$100.57,€78.00,,1009,1523,5.2,,,Transfer at Nurnberg,,,,,,,,
Sun,B&B Hotel Berlin-Potsdamer Platz,Hotel,Paid,,,4 x pax / (Cap One),,,,,,Cancel by 21 Jun on Cap One Jo account,,,,,,,,
,Hotel breakfast / taxes,,,$55.00,€49.00,,,,,,,,,,,,,,,
,Restaurant,,,$147.00,€139.00,,,,,,,$125 credit / need 7 euros cash at check in,,,,,,,,
,Entertainment,,,,,,,,,,,,,,,,,,,
,Euros,,,$120.00,€100.00,,,,,,,,,,,,,,,
,Bus ticket Berlin,,,$18.00,€15.00,,,,,,,,,,,,,,,
,VVS (Amex card),,,$13.00,€11.00,,,,,,,,,,,,,,,
,Berlin Welcome Card,,,$91.00,€80.00,,,,,,,,,,,,,,,
,,,,,,,,,,,,,,,,,,,,
6-Jul-2026,Homaris Rummelsburg Studios,Hotel,Paid,$219.00,€200.00,5 x pax / Delta Stay,$349.00,€298.00,,,,10% refund fee by 6 Jul,,,,,,,,
,Restaurant,,,$150.00,€131.00,,,,,,,$100 credit from Delta Stay,,,,,,,,
,Entertainment,,,$14.00,€12.00,,,,,,,Spoke with Delta Stay (10Jul) and I should receive $44.89 from Delta,,,,,,,,
,Deutschland Musuem,,,$63.00,€58.00,,,,,,,and receive $85.40 from Homaris,,,,,,,,
,Cinemaxx (Theater),,,$47.00,€41.00,,,,,,,,,,,,,,,
,,,,,,,,,,,,,,,,,,,,
7-Jul-2026,Homaris Rummelsburg,,,,,,,,,,,,,,,,,,,
,Restaurant,,,$155.00,€135.00,,,,,,,,,,,,,,,
,Entertainment,,,,,,,,,,,,,,,,,,,
,Neues Musuem,,,$72.00,€48.00,,,,,,,,,,,,,,,
,,,,,,,,,,,,,,,,,,,,
8-Jul-2026,Homaris Rummelsburg,,,,,,,,,,,,,,,,,,,
,Restaurant,,,$123.00,€119.00,,,,,,,,,,,,,,,
,Zoo Tierpark,,,$68.00,€58.00,,,,,,,,,,,,,,,
,Entertainment,,,,,,,,,,,,,,,,,,,
,,,,,,,,,,,,,,,,,,,,
9-Jul-2026,Train to Stuttgart Hbf,Train,Paid,$100.00,€78.00,,1037,1553,5.2,,,Transfer at Nurnberg,,,,,,,,
Thu,Restaurant,,,$110.00,€100.00,,,,,,,,,,,,,,,
,Entertainment,,,,,,,,,,,,,,,,,,,
,VVS (Amex card),,,$13.00,€11.00,,,,,,,,,,,,,,,
,,,,,,,,,,,,,,,,,,,,
,,,Total Cost:,"$1,678.57","€1,463.00",,,,10.4,0,miles,,,,,,,,,
,,,Train Cost:,$200.57,€156.00,,,,,,,,,,,,,,,
,,,Hotel Cost:,$219.00,€200.00,,,,,,,,,,,,,,,
,,,Resturants Cost:,$685.00,€602.00,,,,,,,,,,,,,,,
,,,Entertainment/Cash,$519.00,€434.00,,,,,,,,,,,,,,,
,,,,,,,,,,,,,,,,,,,,
,Croatia - 14 Jun -- 19 Jun 2026,,,,,,,,,,,,,,,,,,,
Date,Location/Descr,Mode,Paid,Total Cash,Total Euros,Add'l Info,Start Time,End Time,Duration,Dist,Stops,Remarks,,,,,,,,
14-Jun-2026,Flight to Split,Eurowings,Paid,$118.00,€100.00,,1209,1242,or,1309,1342,,,,,,,,,
Sun,1525 - 1655,Adult,Paid,$118.00,€100.00,,,,,,,,,,,,,,,
,,,Paid,$118.00,€100.00,,,,,,,,,,,,,,,
,,Children,Paid,$95.00,€80.00,,,,,,,,,,,,,,,
,,,Paid,$95.00,€80.00,,,,,,,,,,,,,,,
,,,Total:,$544.00,€460.00,,,,,,,,,,,,,,,
,Bus ride to hotel,,Paid,$58.00,€50.00,,1730,1800,or ,1815,1845,Platanus Bus site (Tix valid for 15 days),,,,,,,,
,Apartment in Split,Hotel,Paid,,,5 x pax (Saph),$166.00,€144.00,,,,Cancel by 31 May on booking.com,,,,,,,,
,Restaurant,,,$140.00,€125.00,,,,,,,Pay until 29 May,,,,,,,,
,Euros,,,$120.00,€100.00,,,,,,,,,,,,,,,
,Entertainment,,,$6.95,€4.00,,,,,,,,,,,,,,,
,,,,,,,,,,,,,,,,,,,,
15-Jun-2026,Ferry to Bol,Ferry,Paid,$101.07,€87.50,,1215,1315,1,,,https://ksc.aktiva-info.hr/,,,,,,,,
,Villa Daniela (Bol),Hotel,Paid,$216.22,€200.00,5 x pax (Cap One) Jo,,,,,,Cancel by 5 Jun on Cap One Jo account,,,,,,,,
,Restaurant,,,$196.00,€185.00,Hotel under Victor / Breakfast,,,,,,"Credit with 29,898 miles from Cap1",,,,,,,,
,Entertainment,,,$42.00,€35.00,,,,,,,Laundry Facilities,,,,,,,,
,,,,,,,,,,,,,,,,,,,,
16-Jun-2026,Villa Daniela (Bol),,,,,Breakfast,,,,,,,,,,,,,,
Tues,Restaurant,,,$169.00,€160.00,,,,,,,,,,,,,,,
,Entertainment,,,$100.00,€93.00,,,,,,,,,,,,,,,
,,,,,,,,,,,,,,,,,,,,
17-Jun-2026,Hotel in Trogir,Hotel,Paid,$56.00,€48.00,4 x pax / Delta Stay,,,,,,Cancel by 14 Jun on Delta Stay ($200 credit),,,,,,,,
,Ferry to Split,Ferry,Paid,$101.72,€87.50,,1100,1200,1,,,Villa Ivanka Trogir / bring about 20 euros,,,,,,,,
,Ferry to Trogir,Ferry,Cash,$50.00,€45.00,Cash only,1300,1330,or,1600,1630,www.croatiaferries.com/split-trogir-ferry.htm ,,,,,,,,
,Restaurant,,,$189.00,€179.00,,,,,,,Ferry route 616 run by Bura Line to Trogir,,,,,,,,
,Entertainment,,,$28.00,€23.00,,,,,,,Children are between 4 and 10 yrs,,,,,,,,
,,,,,,,,,,,,,,,,,,,,
18-Jun-2026,Hotel in Trogir,,,,,,,,,,,,,,,,,,,
Thu,Bus,,,$9.00,€8.00,,0954,1006,,,,Bus 44 to Okrug Gornji Beach,,,,,,,,
,Restaurant,,,$235.00,€226.00,,1445,1457,or,1540,1552,Bus 44 to apartment,,,,,,,,
,Entertainment,,,$70.00,€58.00,,,,,,,,,,,,,,,
,,,,,,,,,,,,,,,,,,,,
19-Jun-2026,Bus ride to airport,,,$9.00,€8.00,,0934,0957,or,0954,1012,Bus 37,,,,,,,,
Fri,VVS,,,$13.00,€9.00,,,,,,,,,,,,,,,
,Restaurant,,,$14.00,€11.00,,,,,,,,,,,,,,,
,,,,,,,,,,,,,,,,,,,,
,,,Total:,$646.00,€552.00,,,,,,,,,,,,,,,
,Flight to STR,Eurowings,Paid,$140.00,€120.00,,,,,,,,,,,,,,,
,1205 - 1340,Adult,Paid,$140.00,€120.00,,,,,,,,,,,,,,,
,,,Paid,$140.00,€120.00,,,,,,,,,,,,,,,
,,Children,Paid,$113.00,€96.00,,,,,,,,,,,,,,,
,,,Paid,$113.00,€96.00,,,,,,,,,,,,,,,
,,,,,,,,,,,,,,,,,,,,
,,,Total Cost:,"$3,113.96","€2,754.00",,,,2,6264,miles,,,,,,,,,
,,,Flight Cost:,"$1,190.00","€1,012.00",,,,,,,,,,,,,,,
,,,Ferry Cost:,$252.79,€220.00,,,,,,,,,,,,,,,
,,,Hotel Cost:,$272.22,€248.00,,,,,,,,,,,,,,,
,,,Resturants Cost:,$943.00,€886.00,,,,,,,,,,,,,,,
,,,Entertainment/Cash,$446.95,€380.00,,,,,,,,,,,,,,,
,,,,,,,,,,,,,,,,,,,,
,Prague Trip 22 - 25 May 2026,,,,,,,,,,,,,,,,,,,
Date,Location/Descr,Mode,Paid,Total Cash,Total Euros,Add'l Info,Start Time,End Time,Duration,Distance,Stops,Remarks,,,,,,,,
22-May-2026,Drive,,,,,,,,2.5,136,,,,,,,,,,
Fri,Resturants/Groceries,,,$137.00,€118.00,,,,,,,,,,,,,,,
,Musuems,,,$16.00,€14.00,,,,,,,,,,,,,,,
,Parking,,,$23.00,€20.00,,,,,,,,,,,,,,,
,Fuel,,,$85.84,€74.00,kids eat free,,,,,,mini fridge,,,,,,,,
,Holiday Inn Nürnberg (Vic),Hotel,Paid,,,4 x Pax / Gym,,,,,,Cancel by 21 May 26,,,,,,,,
,,,,,,,,,,,,,,,,,,,,
23-May-2026,Holiday Inn Prague (Jo),Hotel,Paid,,,3 x pax & 2 pax,,,,,,Cancel by 23 May 26,,,,,,,,
,Nachtmann factory,,,,,Gym,,,1.5,79,,Rooms are connected,,,,,,,,
,Czech Vignette,,Paid,$14.30,€12.30,Online payment,,,,,,,,,,,,,,
,Parking,,,$26.00,€24.00,kids eat free,,,3.1,154,,Should arrive around 1400,,,,,,,,
,Entertainment,,,$43.00,€37.00,,,,,,,,,,,,,,,
,Resturants,,,$188.00,€161.00,,,,,,,,,,,,,,,
,,,,,,,,,,,,,,,,,,,,
24-May-2026,Hampton Regensburg,Hotel,Paid,,,3 x pax / 2 x pax,$244.00,€210.00,3.5,160,,Visit Graf before Regensburg,,,,,,,,
Sun,Parking,,,$17.50,€15.00,gym / breakfast,,,1.2,63,,Rooms are connected,,,,,,,,
,Fuel,,,$63.00,€54.00,,,,,,,,,,,,,,,
,Entertainment,,,$70.00,€60.00,,,,,,,,,,,,,,,
,Resturants,,,$174.00,€150.00,,,,,,,,,,,,,,,
,,,,,,,,,,,,,,,,,,,,
25-May-2026,Drive to Nurnberg,,,,,,,,1.4,67,,Nuremburg zoo,,,,,,,,
,Resturants,,,$88.41,€76.00,,,,,,,,,,,,,,,
,Entertainment zoo,,,$55.00,€47.00,,,,,,,,,,,,,,,
,Return home,,,,,,,,1.8,98,,,,,,,,,,
,,,,,,,,,,,,,,,,,,,,
,,,Total Cost:,"$1,001.05",€862.30,,,,15,757,miles,,,,,,,,,
,,,Hotel Cost:,$0.00,€0.00,,,,,,,,,,,,,,,
,,,Resturants Cost:,$587.41,€505.00,,,,,,,,,,,,,,,
,,,Entertainment: ,$413.64,€357.30,,,,,,,,,,,,,,,
,,,,,,,,,,,,,,,,,,,,
,Salzburg - 30 Mar -- 5 Apr 2026,,,,,,,,,,,,,,,,,,,
Date,Location/Descr,Mode,Paid,Total Cash,Total Euros,Add'l Info,Start Time,End Time,Duration,Dist,Stops,Remarks,,,,,,,,
30-Mar-2026,Westin Grand,Hotel,Paid,$150.00,€130.00,2 x pax (Amex gift Card),,,,,,Pool / fitness,,,,,,,,
Mon,Munich,Parking,,,,3 x pax free night ,$42.00,€35.00,2.5,145,,Payment on Marriott,,,,,,,,
,Entertainment / Wow,Tram,,$103.00,€90.00,Gym,$24.00,€20.00,,,,74 euros Wow,,,,,,,,
,Restaurant / Food,,,$130.00,€115.00,2 adults x 1 child free breakfast,,,,,,,,,,,,,,
,Fuel,,,$28.27,€35.00,,,,,,,,,,,,,,,
,,,,,,,,,,,,,,,,,,,,
,,,,,,,,,,,,,,,,,,,,
31-Mar-2026,Hotel Hohenstauffen,Hotel,Paid,,,5 x pax / breakfast (Sapphire),$284.09,€240.00,2,90,,Payment at hotel / Booking.com,,,,,,,,
GYM,Salzburg / Entertainment,,,$100.00,€90.00,free parking ,,,,,,Cancel by 29 Mar 26,,,,,,,,
,Restaurant / Food,,,$174.00,€160.00,,,,,,,The address for parking is Stauffenstraße 16,,,,,,,,
,,,,,,,,,,,,,,,,,,,,
,,,,,,,,,,,,,,,,,,,,
1-Apr-2026,Hotel Schwabenwirt,Hotel,Paid,,,4 x pax / breakfast(Sapphire),$230.00,€198.00,0.5,15,,Payment at hotel / booking.com,,,,,,,,
Wed,Berchtesgaden (Eagles Nest),,,,,Not including Leo,,,,,,Cancel by 29 Mar 26,,,,,,,,
,Entertainment,,,$160.00,€138.00,,,,,,,Salt Mine 75 euros (Paid),,,,,,,,
,Restaurant / Food,,,$161.00,€145.00,,,,,,,,,,,,,,,
,,,,,,,,,,,,,,,,,,,,
,,,,,,,,,,,,,,,,,,,,
2-Apr-2026,Garmisch (Edelweiss),Hotel,Schedule,,,5 x pax (Sapphire),$263.00,€230.00,2.5,120,,Pay at hotel,,,,,,,,
,Garmisch Breakfast,,,$40.00,€34.00,Gym / Breakfast,,,,,,Cancel by 18Mar26,,,,,,,,
,Fuel,,,$57.51,€48.00,,,,,,,https://www.chiemsee-schifffahrt.de/fileadmin/user_upload/Fahrplaene/WiFa2526.pdf,,,,,,,,
,Entertainment,,,$60.00,€50.00,,,,,,,,,,,,,,,
,Restaurant / Food,,,$140.00,€120.00,,,,,,,,,,,,,,,
,,,,,,,,,,,,,,,,,,,,
,,,,,,,,,,,,,,,,,,,,
,,,,,,,,,,,,,,,,,,,,
3-Apr-2026,Apartment (Bad Wörishofen) ,Hotel,Paid,$178.00,€152.00,5 x pax (Sapphire) / apartment,,,1.5,67,,Expedia.com,,,,,,,,
Fri,ThermaBad or skyline park,,,$236.00,€203.00,,,,,,,Cancel by 20Mar26,,,,,,,,
Good Friday,Entertainment,,,,,,,,,,,,,,,,,,,
GYM,Restaurant / Food,,,$118.00,€132.00,,,,,,,,,,,,,,,
,,,,,,,,,,,,,,,,,,,,
,,,,,,,,,,,,,,,,,,,,
4-Apr-2026,Travel to legoland,,,,,cook breakfast from apartment,,,1.1,39,,,,,,,,,,
,Legoland,,Paid,$230.00,€200.00,,,,,,,,,,,,,,,
,Restaurant / Food,,,$49.00,€38.00,,,,,,,,,,,,,,,
,Fuel,,,$55.50,€48.00,,,,,,,,,,,,,,,
,Return home,,,,,,,,1.1,70,,,,,,,,,,
,,,,,,,,,,,,,,,,,,,,
,,,,,,,,,,,,,,,,,,,,
,,,Total Cost:,"$2,170.28","€1,928.00",,,,11.2,546,miles,,,,,,,,,
,,,Hotel Cost:,$328.00,€282.00,,,,,,,,,,,,,,,
,,,Resturants Cost:,"$1,042.00",€944.00,,,,,,,,,,,,,,,
,,,Entertainment/Cash,$889.00,€771.00,,,,,,,,,,,,,,,
,,,,,,,,,,,,,,,,,,,,
,Mainz Trip 6 -8 Mar 2026,,,,,,,,,,,,,,,,,,,
Date,Location/Descr,Mode,Paid,Total Cash,Total Euros,Add'l Info,Start Time,End Time,Duration,Distance,Stops,Remarks,,,,,,,,
6-Mar-2026,Drive,,,$47.00,€42.00,,,,2.5,126,,,,,,,,,,
Fri,Resturants/Groceries,,,$101.00,€85.00,,,,,,,,,,,,,,,
,Entertainment,,,$60.00,€50.00,,,,,,,Pay at hotel,,,,,,,,
,Hyatt Me and All,Hotel,Schedule,,,3 x pax free / gym (Sapph),$132.00,€113.00,,,,Cancel by 2 Mar 26 on Hyatt,,,,,,,,
,,,,,,2 x pax breakfast,,,,,,,,,,,,,,
7-Mar-2026,NH Mannheim Viernheim,Hotel,Schedule,,,5 x pax (Sapph),$124.38,€107.00,1,48,,Cancel by 5 Mar 26 on NH site,,,,,,,,
,Resturants,,,$156.00,€134.00,,,,,,,Pay at hotel,,,,,,,,
,Entertainment skydiving,,,$226.00,€194.00,,,,,,,Indoor Skydiving,,,,,,,,
,Entertainment Miramar Pool,,,$106.00,€91.00,,,,,,,,,,,,,,,
,,,,,,,,,,,,,,,,,,,,
8-Mar-2026,Drive home,,,,,,,,,,,,,,,,,,,
Sun,Resturants,,,$90.00,€77.00,,,,1.5,82,,,,,,,,,,
,,,,,,,,,,,,,,,,,,,,
,,,,,,,,,,,,,,,,,,,,
,,,,,,,,,,,,,,,,,,,,
,,,Total Cost:,$786.00,€673.00,,,,5,256,miles,,,,,,,,,
,,,Hotel Cost:,$0.00,€0.00,,,,,,,,,,,,,,,
,,,Resturants Cost:,$347.00,€296.00,,,,,,,,,,,,,,,
,,,Entertainment: ,$392.00,$335.00,,,,,,,,,,,,,,,
,,,,,,,,,,,,,,,,,,,,
,,,,,,,,,,,,,,,,,,,,
,Lake Titisee Trip 13 -15 Feb 2026,,,,,,,,,,,,,,,,,,,
Date,Location/Descr,Mode,Paid,Total Cash,Total Euros,Add'l Info,Start Time,End Time,Duration,Distance,Stops,Remarks,,,,,,,,
13-Feb-2026,Drive,,,$50.00,€45.00,,,,1.5,92,,,,,,,,,,
Fri,Resturants/Groceries,,,$75.00,€63.00,,,,,,,,,,,,,,,
,Thermabad,,,$171.00,€144.00,,,,,,,,,,,,,,,
,Vogelnescht19,Hotel,Schedule,,,4 x Pax / 2 nights (Sapphire),$277.00,€234.00,,,,Pay on 8FEB26 / Cancel 9FEB26,,,,,,,,
,,,,,,,,,,,,booking.com,,,,,,,,
14-Feb-2026,Vogelnescht19,,,,,,,,,,,,,,,,,,,
,Sled,,,$26.00,€22.00,,,,,,,Check ski websites for rates around Dec 25,,,,,,,,
,Indoor course,,,$80.00,€69.00,,,,,,,,,,,,,,,
,Resturants/Groceries,,,$140.00,€120.00,,,,,,,,,,,,,,,
,,,,,,,,,,,,,,,,,,,,
15-Feb-2026,Drive home,,,,,,,,,,,,,,,,,,,
Sun,Resturants,,,,,,,,1.5,92,,,,,,,,,,
,,,,,,,,,,,,,,,,,,,,
,,,,,,,,,,,,,,,,,,,,
,,,,,,,,,,,,,,,,,,,,
,,,Total Cost:,$542.00,€463.00,,,,3,184,miles,,,,,,,,,
,,,Hotel Cost:,$0.00,€0.00,,,,,,,,,,,,,,,
,,,Resturants Cost:,$215.00,€183.00,,,,,,,,,,,,,,,
,,,Entertainment: ,$277.00,$235.00,,,,,,,,,,,,,,,
,,,,,,,,,,,,,,,,,,,,
,Frankfurt / Weinheim Trip 11 -13 Oct 2025,,,,,,,,,,,,,,,,,,,
Date,Location/Descr,Mode,Paid,Total Cash,Total Euros,Add'l Info,Start Time,End Time,Duration,Distance,Stops,Remarks,,,,,,,,
11-Oct-2025,Drive,,,$44.00,€38.00,,,,2.4,138,,,,,,,,,,
Sat,Resturants/Groceries,,,$163.00,€140.00,,,,,,,,,,,,,,,
,Nature Musuem ,,,$35.00,€30.00,,,,,,,,,,,,,,,
,Hilton Frankfurt Gravenbruch,Hotel,Paid,$150.00,€130.00,5 x Pax / breakfast incl,,,,,,$200 Hilton Resort credit / Aspire,,,,,,,,
,,,,,,,,,,,,,,,,,,,,
12-Oct-2025,NH Mannheim-Viernheim,Hotel,Paid,$0.00,€0.00,Two rooms,,,,,,Capital One Venture Miles used,,,,,,,,
,Entertainment / Water Park,,,$127.00,€115.00,,,,,,,,,,,,,,,
,Resturants,,,$112.00,€100.00,,,,,,,,,,,,,,,
,,,,,,,,,,,,,,,,,,,,
13-Oct-2025,Drive home,,,,,,,,,,,,,,,,,,,
Mon,Resturants,,,$11.00,€9.00,,,,1.5,92,,,,,,,,,,
,,,,,,,,,,,,,,,,,,,,
,,,Total Cost:,$642.00,€562.00,,,,3.9,230,miles,,,,,,,,,
,,,Hotel Cost:,$150.00,€130.00,,,,,,,,,,,,,,,
,,,Resturants Cost:,$286.00,€249.00,,,,,,,,,,,,,,,
,,,Entertainment: ,$162.00,$145.00,,,,,,,,,,,,,,,
,,,,,,,,,,,,,,,,,,,,
,Frankfurt / Speyer Trip 30 - 1 Aug/Sep 2025,,,,,,,,,,,,,,,,,,,
Date,Location/Descr,Mode,Paid,Total Cash,Total Euros,Add'l Info,Start Time,End Time,Duration,Distance,Stops,Remarks,,,,,,,,
30-Aug-2025,Drive,,,$50.00,€45.00,,,,2.4,138,,,,,,,,,,
Thurs,Resturants/Groceries,,,$125.00,€110.00,,,,0.6,24,,,,,,,,,,
,Entertainment,,,$21.00,€18.00,,,,,,,,,,,,,,,
,Hilton Frankfurt Gravenbruch,Hotel,Paid,$105.00,€95.00,5 x Pax / breakfast incl,,,,,,$200 Hilton Resort credit / Aspire,,,,,,,,
,,,,,,,,,,,,,,,,,,,,
31-Aug-2025,Hotel Löwengarten,Hotel,Paid,$83.00,€74.00,Speyer / 5 x Pax,,,,,,$100 Delta Stay credit / Delta Gold,,,,,,,,
,Entertainment / Holiday park,,,$196.00,€167.00,,,,,,,,,,,,,,,
,Souvenirs,,,$23.00,€18.00,,,,,,,,,,,,,,,
,Resturants,,,$176.00,€150.00,,,,,,,,,,,,,,,
,,,,,,,,,,,,,,,,,,,,
1-Sep-2025,Drive home,,,,,,,,,,,,,,,,,,,
Sat,Resturants,,,$93.00,€80.00,,,,1.5,92,,,,,,,,,,
,Ludswigburg,,,$45.00,€34.00,,,,,,,,,,,,,,,
,,,,,,,,,,,,,,,,,,,,
,,,,,,,,,,,,,,,,,,,,
,,,Total Cost:,$917.00,€791.00,,,,4.5,254,miles,,,,,,,,,
,,,Hotel Cost:,$188.00,€169.00,,,,,,,,,,,,,,,
,,,Resturants Cost:,$394.00,€340.00,,,,,,,,,,,,,,,
,,,Entertainment: ,$285.00,$237.00,,,,,,,,,,,,,,,
,,,,,,,,,,,,,,,,,,,,
,Lake Constance / Italy 4 - 11 July 2025,,,,,,,,,,,,,,,,,,,
Date,Location/Descr,Mode,Paid,Total Cash,Total Euros,Add'l Info,Start Time,End Time,Duration,Dist,Stops,Remarks,,,,,,,,
4-Jul-2025,Drive / Fuel (Lake),,,$40.00,€30.00,,,,2.2,120,,,,,,,,,,
Fri,Gute Laune,Hotel,Paid,$435.00,€376.00,5 x pax,,,,,,Payment on 18 Jun 25 ,,,,,,,,
,Cash,,,$71.00,€60.00,,,,,,,booking.com / Gute Laune,,,,,,,,
,Restaurant,,,,,,,,,,,Cancel by 19 Jun,,,,,,,,
,Monkey Salem,,,$60.00,€50.50,,,,,,,,,,,,,,,
,Groceries,,,$64.00,€50.00,,,,,,,,,,,,,,,
,,,,,,,,,,,,,,,,,,,,
5-Jul-2025,Gute Laune,,,,,,,,,,,,,,,,,,,
,Restaurant,,,$116.00,€100.00,,,,,,,,,,,,,,,
,Entertainment,,,$60.00,€50.00,,,,,,,,,,,,,,,
,Groceries,,,$58.00,€48.00,,,,,,,,,,,,,,,
,Parking,,,$5.00,€3.00,,,,,,,,,,,,,,,
,,,,,,,,,,,,,,,,,,,,
6-Jul-2025,Drive / Fuel to Innsbruck,,,$40.00,€35.00,,,,2.8,137,, cancel by 5 Jul,,,,,,,,
Sun,Innsbruck (Hotel),Hotel,Paid,$213.00,€200.00,4 x pax ,,,,,,Paid $235.85 on Chase.com ,,,,,,,,
,Entertainment,,,$21.00,€15.00,Free breakfast,,,,,,$13.55 Taxes paid at hotel,,,,,,,,
,Restaurant,,,$136.28,€115.00,,,,,,,Receive $50 credit for hotel,,,,,,,,
,Tolls,,,$30.00,€24.00,,,,,,,,,,,,,,,
,Parking,,,$13.00,€11.00,,,,,,,,,,,,,,,
,,,,,,,,,,,,,,,,,,,,
7-Jul-2025,Lake Garda (Hotel),Hotel,Paid,$383.00,€325.00,4 x pax,,,3.1,162,,Garda View Apartment,,,,,,,,
Mon,Restaurant,,,$112.00,€98.00,,,,,,,https://www.booking.com/Share-mpz7c3,,,,,,,,
,Entertainment,,,$60.00,€50.00,,,,,,,Pay on 30 Jun / cancel by 2 Jul,,,,,,,,
,Groceries,,,$66.00,€54.00,,,,,,,,,,,,,,,
,,,,,,,,,,,,,,,,,,,,
8-Jul-2025,Lake Garda (Hotel),,,,,,,,,,,Garda View Apartment,,,,,,,,
Tues,Restaurant,,,$165.00,€150.00,,,,,,,,,,,,,,,
,Entertainment,,,$21.00,€14.00,,,,,,,,,,,,,,,
,,,,,,,,,,,,,,,,,,,,
,,,,,,,,,,,,,,,,,,,,
9-Jul-2025,Hotel Austria,Hotel,Paid,$246.88,€221.00,4 x Pax,,,2.5,144,,Ferienwohnung Kerschbaumer,,,,,,,,
,Fuel,,,$71.00,€55.00,,,,,,,,,,,,,,,
Wed,Restaurant,,,$88.00,€79.00,,,,,,,booking.com / Nößlach Austria,,,,,,,,
,Entertainment/parking,,,$3.00,€1.50,,,,,,,Pay 23 Jun / cancel by 25 Jun,,,,,,,,
,Tolls,,,$12.00,€10.00,,,,,,,,,,,,,,,
,Groceries,,,$57.00,€48.00,,,,,,,,,,,,,,,
,,,,,,,,,,,,,,,,,,,,
10-Jul-2025,Hotel Munich / Hilton,Hotel,Paid,$128.00,€110.00,2 Pax / 3 Pax free night,,,2.6,119,,Hampton Hilton on Munich,,,,,,,,
,Public transport,,,$22.00,€18.00,Free breakfast,,,,,,Having hard time checking date to pay,,,,,,,,
Thurs,Restaurant,,,$76.27,€65.00,,,,,,,,,,,,,,,
,Entertainment,,,$106.00,€95.00,,,,,,,,,,,,,,,
,Tolls,,,$14.00,€10.00,,,,,,,,,,,,,,,
,,,,,,,,,,,,,,,,,,,,
11-Jul-2025,Drive back home/ fuel,,,$53.00,€45.00,,,,2.5,144,,,,,,,,,,
Fri,Restaurant,,,$110.00,€99.00,,,,,,,,,,,,,,,
,Musuem Art,,,$21.00,€18.00,,,,,,,,,,,,,,,
,,,,,,,,,,,,,,,,,,,,
,,,,,,,,,,,,,,,,,,,,
,,,Total Cost:,"$3,177.43","€2,733.00",,,,15.7,826,miles,,,,,,,,,
,,,Hotel Cost:,"$1,405.88","€1,232.00",,,,,,,,,,,,,,,
,,,Resturants Cost:,"$1,048.55",€906.00,,,,,,,,,,,,,,,
,,,Entertainment:,$415.00,€347.50,,,,,,,,,,,,,,,
,,,,,,,,,,,,,,,,,,,,
,Lake Titisee Trip 19 - 21 June 2025,,,,,,,,,,,,,,,,,,,
Date,Location/Descr,Mode,Paid,Total Cash,Total Euros,Add'l Info,Start Time,End Time,Duration,Distance,Stops,Remarks,,,,,,,,
19-Jun-2025,Drive,,,$50.00,€45.00,,,,2.4,138,,,,,,,,,,
Thurs,Resturants,,,$110.00,€90.00,,,,0.6,24,,,,,,,,,,
,Cash,,,$110.00,€100.00,,,,,,,,,,,,,,,
,Entertainment / park,,,$55.00,€45.00,,,,,,,,,,,,,,,
,Groceries,,,$100.00,€85.00,,,,,,,,,,,,,,,
,AirBnB,Hotel,Paid,$245.00,€223.00,,,,,,,,,,,,,,,
,,,,,,,,,,,,,,,,,,,,
20-Jun-2025,,,,,,,,,,,,,,,,,,,,
,Entertainment / Pool,,,$120.00,€115.00,,,,,,,,,,,,,,,
,Resturants,,,$110.00,€90.00,,,,,,,,,,,,,,,
,,,,,,,,,,,,,,,,,,,,
21-Jun-2025,Drive home,,,,,,,,,,,,,,,,,,,
Sat,Resturants,,,$100.00,€85.00,,,,1.5,92,,,,,,,,,,
,,,,,,,,,,,,,,,,,,,,
,,,,,,,,,,,,,,,,,,,,
,,,,,,,,,,,,,,,,,,,,
,,,Total Cost:,"$1,000.00",€878.00,,,,4.5,254,miles,,,,,,,,,
,,,Hotel Cost:,$245.00,€223.00,,,,,,,,,,,,,,,
,,,Resturants Cost:,$320.00,€265.00,,,,,,,,,,,,,,,
,,,Entertainment: ,$175.00,$160.00,,,,,,,,,,,,,,,
,,,,,,,,,,,,,,,,,,,,
,Augsburg / Munich Trip 24 - 26 May 2025,,,,,,,,,,,,,,,,,,,
Date,Location/Descr,Mode,Paid,Total Cash,Total Euros,Add'l Info,Start Time,End Time,Duration,Distance,Stops,Remarks,,,,,,,,
24-May-2025,Drive to Ulm/Augsburg,,,$44.00,€38.00,,,,1.2,60,,,,,,,,,,
Sat,Resturants,,,$80.00,€70.00,,,,0.8,45,,,,,,,,,,
,Cash,,,$110.00,€100.00,,,,,,,,,,,,,,,
,Entertainment,,,$55.00,€45.00,,,,,,,,,,,,,,,
,Groceries,,,$100.00,€85.00,,,,,,,,,,,,,,,
,IHG Augsburg,Hotel,Paid,$173.00,€165.00,,,,,,,,,,,,,,,
,,,,,,,,,,,,,,,,,,,,
25-May-2025,Drive to Munch,,,,,,,,1,48,,,,,,,,,,
,Parking,,,$36.00,€31.00,,,,,,,,,,,,,,,
,Resturants,,,$80.00,€70.00,,,,,,,,,,,,,,,
,Marriott Munich,Hotel,Paid,$113.00,€105.00,,,,,,,,,,,,,,,
,,,,,,,,,,,,,,,,,,,,
26-May-2025,Drive home,,,,,,,,2.2,131,,,,,,,,,,
Mon,Resturants,,,$70.00,€60.00,,,,,,,,,,,,,,,
,,,,,,,,,,,,,,,,,,,,
,,,,,,,,,,,,,,,,,,,,
,,,,,,,,,,,,,,,,,,,,
,"$1,341.00",,Total Cost:,$861.00,€769.00,,,,5.2,284,miles,,,,,,,,,
,,,Hotel Cost:,$286.00,€270.00,,,,,,,,,,,,,,,
,,,Resturants Cost:,$330.00,€285.00,,,,,,,,,,,,,,,
,,,Entertainment: ,$55.00,$45.00,,,,,,,,,,,,,,,
,,,,,,,,,,,,,,,,,,,,
,Amsterdam Rodeo 1 - 6 APR 2025,,,,,,,,,,,,,,,,,,,
Date,Location/Descr,Mode,Paid,Total Cash,Total Euros,Add'l Info,Start Time,End Time,Duration,Dist,Stops,Remarks,,,,,,,,
1-Apr-2025,Drive / Fuel (Luxemburg),,,$41.46,€35.00,,8:00 AM,Check in,,,,,,,,,,,,
,Fuel,,,$50.69,€47.00,,,,,,,,,,,,,,,
,Hotel / AirBNB,,Paid,$230.00,€220.00,4 x pax / change apartment,No gym,1500,,,,Payment on 28 Feb 25 from Sapphire,,,,,,,,
,Cash,bring Lunch,,$140.00,€123.00,cancel 2 Mar 25,,,2.5,170,miles,booking.com / Terrace&Parking-Limp56,,,,,,,,
,Homburg Cave,bring dinner,,$22.00,€17.00,,,,1.3,130,miles,Cave Website,,,,,,,,
,,,Total:,$484.15,€442.00,,,,,,,,,,,,,,,
2-Apr-2025,Drive / Fuel (Brussels),bring bf,,,,,8:30 AM,Check in,,,,,,,,,,,,
Wed,Hotel / Yooma,,Paid,$34.00,€31.00,5 x pax / no cancel,No gym,1500,,,,Delta Stay / $200 credit,,,,,,,,
Run,Parking,bring Lunch,,$37.01,€34.00,,,,,,,YOOMA Urban Lodge,,,,,,,,
,Bastogne War Museum,,,$86.66,€80.00,,,,1,51,miles,,,,,,,,,
,Restaurant,,,$59.00,€65.00,,,,2,109,miles,,,,,,,,,
,LEZ Fee,,Paid,$76.00,€70.00,,,,,,,Lez site,,,,,,,,
,Entertainment,,,$78.85,€70.00,,,,,,,,,,,,,,,
,,,Total:,$371.52,€350.00,,,,,,,,,,,,,,,
3-Apr-2025,Drive / Fuel (Amsterdam),bring bf,,$70.00,€60.00,2 rooms,7:30 AM,Check in,2.25,100,,,,,,,,,,
Thurs,Hotel,bring Lunch,Paid,$145.00,€139.00,breakfast incl,gym,1500,1.25,50,,Payment on Hilton Card,,,,,,,,
,Parking,,,$40.00,€35.00,no cancellation on paid hotel,,,,,,Hampton by Hilton Amsterdam / Arena Boulevard,,,,,,,,
,Keukenhof Tulip,,,$86.00,€76.00,Connected room confirmed,,,,,,Tulip Garden Website,,,,,,,,
,Restaurant,,,$134.00,€125.00,,,,,,,,,,,,,,,
,Entertainment,,,$140.00,€130.00,,,,,,,,,,,,,,,
,,,Total:,$615.00,€565.00,,,,,,,,,,,,,,,
4-Apr-2025,Drive / Fuel (Dusseldorf),,,$22.00,€20.00,,8:30 AM,Check in,2.5,134,,,,,,,,,,
Gym,Hotel,,Paid,$126.00,€120.00,4 x pax,gym,1500,,,,Payment on IHG 4569,,,,,,,,
,Parking,bring Lunch,,$26.00,€21.00,no cancellation on paid hotel,,,,,,Holiday Inn: Dusseldorf City Toulouser All,,,,,,,,
,Aquarium,,,$28.00,€25.00,,,,,,,,,,,,,,,
,Supermarket,,,$40.00,€35.00,,,,,,,,,,,,,,,
,Entertainment,,,$46.86,€40.00,,,,,,,,,,,,,,,
,Restaurant,,,$83.00,€75.00,,,,,,,,,,,,,,,
,,,Total:,$371.86,€336.00,,,,,,,,,,,,,,,
5-Apr-2025,Drive / Fuel (Frankfurt),bring bf,,$55.00,€50.00,,7:30 AM,Check in,3.2,155,,,,,,,,,,
Sat,Hotel,bring Lunch,Paid,$121.00,€110.00,1 room / used free night,1 room King,1500,,,,Hyatt / free night & paid king bed room,,,,,,,,
Run,Zoo,,,$32.22,€29.00,,gym,,,,,Lindner Hotel Frankfurt Main Plaza,,,,,,,,
,Parking,,,$31.00,€26.00,cancel 24 hrs prior,,,,,,,,,,,,,,
,Entertainment,,,$25.19,€22.00,,,,,,,,,,,,,,,
,Restaurant,,,$73.99,€66.00,,,,,,,,,,,,,,,
,Supermarket,,,$52.31,€45.00,Connected room requested,,,,,,,,,,,,,,
,,,Total:,$390.71,€348.00,,,,,,,,,,,,,,,
6-Apr-2025,Drive / home,Kitchen,,,,,,,2.2,131,,,,,,,,,,
Sunday,Lunch,,,,,,,,,,,,,,,,,,,
,,,Total:,$0.00,€0.00,,,,,,,,,,,,,,,
,,,,,,,,,,,,,,,,,,,,
,,,Total Cost:,"$2,233.24","€2,041.00",,,,18.2,1030,miles,,,,,,,,,
,,,Hotel Cost:,$656.00,€620.00,,,,,,,,,,,,,,,
,,,Resturants Cost:,$368.31,€345.00,,,,,,,,,,,,,,,
,,,Entertainment/Cash,$846.91,€749.00,,,,,,,,,,,,,,,
,Garmisch - Austria Trip 26 - 28 Dec 2024,,,,,,,,,,,,,,,,,,,
Date,Location/Descr,Mode,Paid,Total Cash,Total Euros,Add'l Info,Start Time,End Time,Duration,Distance,Stops,Remarks,,,,,,,,
26-Dec-2024,Drive,Drive,,$77.97,€70.00,,8:00 AM,10:00 AM,2,120,miles,Drive to Therme than Garmisch,,,,,,,,
Thursday,Stressless (Airbnb),Day 1,Yes,$390.00,€378.00,,,,,,,Airbnb / Cancel NLT 21Dec24,,,,,,,,
,THERME Bad Wörishofen,,,$100.00,€95.00,,12:00 PM,2:00 PM,1.5,64,,2 hrs at pool & open at 9 am,,,,,,,,
,Resturants,,,$100.00,€93.00,,,,,,,,,,,,,,,
,Cash,,,$110.00,€100.00,,,,,,,,,,,,,,,
,,,,,,,,,,,,,,,,,,,,
27-Dec-2024,Stressless (Airbnb),Day 2,,,,,,,,,,,,,,,,,,
,Ski Lifts,,,$69.00,€66.00,,,,,,,https://zugspitze.de/en/Service-information/Tickets-rates/Garmisch-Classic,,,,,,,,
,Ski Lifts / non,,,$41.00,€39.00,,,,,,,,,,,,,,,
,Ski Lesson,,,$160.00,€150.00,,,,,,,https://www.edelweisslodgeandresort.com/experiences/activities/winter-sports/hausberg-sport-lodge-1,,,,,,,,
,Resturants,,,$126.00,€120.00,,,,,,,Ski lift opens at 8:30am,,,,,,,,
,,,,,,,,,,,,,,,,,,,,
28-Dec-2024,das flax allgäu Hotel,Pay at,Hotel,$178.00,€171.00,2 x rooms,,,,,,2 x rooms / Cancel NLT 27DEC2024,,,,,,,,
,Drive,Drive,,,,,9:00 AM,10:00 AM,1,38,,booking.com,,,,,,,,
,Reptile Zoo,,,$47.00,€45.00,,,,0.5,34,,Opens at 11am,,,,,,,,
,Resturants,,,$19.95,€17.00,,,,,,,,,,,,,,,
29-Dec-2024,,,,,,,,,,,,,,,,,,,,
Sunday,Resturants,,,$110.00,€100.00,,,,,,,Eat lunch at Ulm,,,,,,,,
,Donaubad Pool,,,$36.00,€34.00,,8:00 AM,9:00 AM,1,47,,Opens at 9am,,,,,,,,
,,,,,,,,,,,,,,,,,,,,
,,,,,,,,,,,,,,,,,,,,
,"$1,341.00",,Total Cost:,"$1,564.92","€1,478.00",,,,6,303,miles,,,,,,,,,
,,,Hotel Cost:,$568.00,€549.00,,,,,,,,,,,,,,,
,,,Resturants Cost:,$355.95,€330.00,,,,,,,,,,,,,,,
,,,Entertainment: ,$563.00,€529.00,,,,,,,,,,,,,,,
,Rhine/Cologne/Frankfurt 19 - 21 June 2024,,,,,,,,,,,,,,,,,,,
Date,Location/Descr,Mode,Paid,Total Cash,Total Euros,Add'l Info,Start Time,End Time,Duration,Dist,Stops,Remarks,,,,,,,,
19-Jun-2024,TraumWohnung-Rhein,Hotel,Yes,$135.00,€125.00,Meal from home,,,,,,Booking.com / Cancel NLT 17Jun24,,,,,,,,
Wed,Drive / Fuel,,,$60.00,€50.00,,,,3,150,miles,,,,,,,,,
,Restaurant,,,$70.00,€67.00,,,,,,,,,,,,,,,
20-Jun-2024,Lindner Hotel Cologne Am Dom,Hotel,Yes,Free,Free,,,,,,,Hyatt (2 x rooms),,,,,,,,
Thurs,Restaurant,,,$70.00,€67.00,,,,,,,,,,,,,,,
21-Jun-2024,IHG Frankfurt - Messe,Hotel,Yes,Free,Free,,,,,,,IHG,,,,,,,,
Fri,Restaurant,,,$70.00,€67.00,,,,,,,,,,,,,,,
22-Jun-2024,Drive / Fuel,,,,,,,,2,127,miles,,,,,,,,,
Saturday,Restaurant,,,$60.00,€67.00,,,,,,,,,,,,,,,
,Resturants,,,$70.00,€67.00,,,,,,,,,,,,,,,
,,,,,,,,,,,,,,,,,,,,
,,,Total Cost:,$535.00,€510.00,,,,5,277,miles,,,,,,,,,
,Switzerland Trip 24 - 27 May 2024,,,,,,,,,,,,,,,,,,,
Date,Location/Descr,Mode,Paid,Total Cash,Total Euros,Station,Start Time,End Time,Duration,Train #,Platform,Remarks,,,,,,,,
Friday,Stuttgart - Lucern,Train,Yes,$82.86,€70.00,Stuttgart - Karlsruhe,9:59 AM,10:53 AM,1,IC 2162,11 - 9,Car 3: 164; 171-174,,,,,,,,
24-May-2024,,,,,,Karlsruhe - Basel,11:11 AM,1:10 PM,2,ICE 71,2 - 8,Car 6: 123;124;127;128;133,,,,,,,,
,Hotel Spatz / Luzern,Hotel,Yes,$328.00,€320.00,,,,,,,,,,,,,,,
,Cash,,,$88.00,€72.00,Basel SBB - Luzern,1:16 PM,2:30 PM,1.3,IR 27,10 - 8,No seat reservation for this train route,,,,,,,,
,Locker,,,$12.00,€9.00,Alt Basel - Luzern,2:03 PM,3:05 PM,1,IR 26,6 - 7,,,,,,,,,
,Restaurant,,,$112.00,€100.00,Dinner,Johana,,,,,Made in Sud Italianisches,,,,,,,,
,,,,,,,,,,,,,,,,,,,,
Saturday,Luzern,,,$43.00,€15.00,Breakfast,Bus 5,7:45 AM,Bus 1,08:03 or ,8:18 AM,Bebié Konditorei Confiserie ,,,,,,,,
25-May-2024,Lucern - Wengen,Train,Yes,$190.00,€170.00,Luzern - Interlaken,9:06 AM,10:55 AM,2,Express,12 - 4,Car 3: 106-110 / express,,,,,,,,
,Interlaken,,,$40.00,€30.00,Lunch,Bus 21,11:05 or ,Bus 103,11:18,,Supermarket,,,,,,,,
,Interlaken Express,Train,,$92.00,€82.00,Interlaken W - Lauter,12:53 (IC81),13:26,42 mins,R 62,2A - 2,SBB App / Saver Day Pass,,,,,,,,
,,,,,,Alt Interlaken W -Lauter,13:23 (IC61),1:56 PM,,,,,,,,,,,,
,,,,,,Lauterbrunnen to Falls,Bus 141,13:35 or,14:05,,,,,,,,,,,
,,,,,,Falls to Lauterbrunnen,Bus 141,15:48 or,16:11,,,,,,,,,,,
,Resturants (Lauterbrunnen),,,$96.00,€90.00,Dinner,Vic,,,,,Pizza restaurant ,,,,,,,,
,Swiss Lodge Bernerhof,Hotel,Yes,$300.00,€285.00,Lauterbrunnen,5:00 PM,5:12 PM,12 mins,CC 63,3 - 3,Every 14 min and 30 min after 1730,,,,,,,,
,,,,,,,,,,,,,,,,,,,,
,,,,,,,,,,,,,,,,,,,,
Sunday,Wengen,,,$40.00,€35.00,Breakfast/Lunch,,,,,,Supermarket,,,,,,,,
26-May-2024,Eiger Express Lift,Lift,,$207.00,€195.00,,,,,,,Supermarket,,,,,,,,
,Wengen - Zurich,Train,Yes,$190.00,€170.00,Wengen - Lauter,2:42 PM,2:55 PM,12 mins,CC 63,2 - 3,Every 30 mins,,,,,,,,
,,,,,,Lauterbrunnen - Interlaken,3:02 PM,3:24 PM,20 mins,R 62,2 - 2A,,,,,,,,,
,ibis Zürich City West,Hotel,Yes,$237.00,€220.00,Interlaken - Zurich,4:00 PM,6:14 PM,2,IC 81,7 - 15,Car 5: 171-174;178,,,,,,,,
,Resturants (Zurich),,,$100.00,€90.00,Dinner,Johana,,,,,Burger Restaurant,,,,,,,,
,,,,,,,,,,,,,,,,,,,,
Sunday,Zurich,,,,,Breakfast,Vic,,,,,,,,,,,,,
27-May-2024,,,,$70.00,€60.00,Lunch,Johana,,,,,Bistro & Grill am See,,,,,,,,
,,,,$18.00,€14.00,Tram,,,,,,,,,,,,,,
,,,,,,,,,,,,,,,,,,,,
,,,,,,,,,,,,,,,,,,,,
,Zurich - Stuttgart,Train,,$50.00,€46.00,Zurich - Karlsruhe,1:59 PM,4:49 PM,3,ICE 70,12 - 3,Car 4: 123;124;127;128;133,,,,,,,,
,Resturants,,,,,Karlsruhe - Stuttgart,5:06 PM,6:03 PM,1,IC 2163,10 - 15,Car 3: 164;171-174,,,,,,,,
,,,,,,,,,,,,,,,,,,,,
,"$2,292",,Total Cost:,"$2,295.86","€2,073.00",,,,,,,,,,,,,,,
,,,Hotel Cost:,$865.00,€825.00,,,,,,,,,,,,,,,
,,,Resturants Cost:,$501.00,€420.00,,,,,,,,,,,,,,,
,,,Train Cost:,$622.86,€552.00,,,,,,,,,,,,,,,
,,,Lift Eger Express:,$207.00,€195.00,,,,,,,,,,,,,,,
,Spring Break 22 - 30 March 2024,,,,,,,,,,,,,,,,,,,
Date,Location/Descr,Mode,Paid,Total Cash,Total Euros,Discount Price,Start Time,End Time,Duration,Dist,Stops,Remarks,,,,,,,,
22-Mar-2024,Drive / Fuel,Drive,,$45.00,€40.00,,,,1.5,105,miles,,,,,,,,,
Friday,Legoland,,Yes,$195.00,€181.00,,,,,,,,,,,,,,,
,Restaurant,,,$60.00,€55.00,,,,,,,,,,,,,,,
,Return Home,,,,,,,,,,,,,,,,,,,
26-Mar-2024,Hilton Konstanz,Hotel,,$131.00,€120.00,,,,1.5,105,miles,,,Saver Day Pass,,,,,,
Tues,Restaurant,,,$60.00,€55.00,,,,,,,,,,,,,,,
,Drive / Fuel,,,$42.00,€38.00,,,,,,,,,Lake Lucerne cruise,,,,,,
,,,,,,,,,,,,,,,,,,,,
27-Mar-2024,Donabaud Pool,Pool,,$32.00,€25.00,,,,2.5,77,miles,,,,,,,,,
Wed,Restaurant,,,$70.00,€65.00,,,,,,,,,,,,,,,
,Drive / Fuel,,,$35.00,€30.00,,,,,,,,,,,,,,,
,Return Home,,,,,,,,1,59,miles,,,,,,,,,
,,,,,,,,,,,,,,,,,,,,
,,,,,,,,,,,,,,,,,,,,
,,,Total Cost:,$670.00,€609.00,,,,6.5,346,miles,,,,,,,,,